market,code,name,date,close,change_pct,cond1_ma20,cond2_kd,cond3_chips,cond4_margin_ok,cond5_breakout_vol,checklist_count,tier,score,notes
TWSE,1531,高林股,20260828,13.7,3.007518796992482,True,True,True,True,True,5,🔥主力觀察名單,97.0,站穩月線且月線向上；K上穿D golden cross；外資由賣轉買；三大法人合計由賣轉買；帶量突破近20日高且收盤站穩
TWSE,2033,佳大,20260828,25.65,9.850107066381158,True,True,True,True,True,5,🔥主力觀察名單,97.0,站穩月線且月線向上；K上穿D golden cross；外資由賣轉買；三大法人合計由賣轉買；帶量突破近20日高且收盤站穩
TWSE,3026,禾伸堂,20260828,742.0,9.925925925925926,True,True,True,True,False,4,值得研究,89.0,站穩月線且月線向上；K上穿D golden cross；外資由賣轉買；三大法人合計由賣轉買；量增收紅但尚未突破前高
TWSE,3481,群創,20260828,48.6,5.081081081081082,True,True,True,True,False,4,值得研究,89.0,站穩月線且月線向上；K上穿D golden cross；外資由賣轉買；三大法人合計由賣轉買；量增收紅但尚未突破前高
TWSE,2303,聯電,20260828,130.0,9.70464135021097,True,True,True,True,False,4,值得研究,84.5,站穩月線且月線向上；K由下往上轉；外資由賣轉買；三大法人合計由賣轉買；量增收紅但尚未突破前高
TWSE,2409,友達,20260828,25.85,2.376237623762376,True,True,True,True,False,4,值得研究,83.0,站穩月線且月線向上；K上穿D golden cross；三大法人合計由賣轉買；量增收紅但尚未突破前高
TWSE,3605,宏致,20260828,131.0,9.623430962343097,True,True,True,True,False,4,值得研究,83.0,站穩月線且月線向上；K上穿D golden cross；投信連買2日+；量增收紅但尚未突破前高
TWSE,2368,金像電,20260828,1130.0,9.70873786407767,True,False,True,True,True,4,值得研究,82.0,站穩月線且月線向上；外資由賣轉買；三大法人合計由賣轉買；帶量突破近20日高且收盤站穩
TWSE,6669,緯穎,20260828,7200.0,5.649303008070433,True,False,True,True,True,4,值得研究,82.0,站穩月線且月線向上；外資由賣轉買；三大法人合計由賣轉買；帶量突破近20日高且收盤站穩
TWSE,6933,AMAX-KY,20260828,260.0,9.936575052854122,True,False,True,True,True,4,值得研究,82.0,站穩月線且月線向上；外資由賣轉買；三大法人合計由賣轉買；帶量突破近20日高且收盤站穩
TWSE,3576,聯合再生,20260828,17.5,2.6392961876832843,True,True,True,True,False,4,值得研究,81.0,站穩月線且月線向上；K上穿D golden cross；外資由賣轉買；三大法人合計由賣轉買；⚠️爆量但留長上影線
TWSE,6525,捷敏-KY,20260828,144.5,2.1201413427561837,True,True,True,True,False,4,值得研究,81.0,站穩月線且月線向上；K上穿D golden cross；外資由賣轉買；三大法人合計由賣轉買；⚠️爆量但留長上影線
TWSE,2342,茂矽,20260828,40.55,0.9962640099626403,True,True,True,True,False,4,值得研究,77.0,站穩月線且月線向上；K上穿D golden cross；外資由賣轉買；三大法人合計由賣轉買
TWSE,3661,世芯-KY,20260828,4065.0,5.038759689922481,True,True,True,True,False,4,值得研究,77.0,站穩月線且月線向上；K上穿D golden cross；外資由賣轉買；三大法人合計由賣轉買
TWSE,6770,力積電,20260828,70.0,0.574712643678161,True,True,True,True,False,4,值得研究,77.0,站穩月線且月線向上；K上穿D golden cross；外資由賣轉買；三大法人合計由賣轉買
TWSE,3049,精金,20260828,13.5,6.299212598425198,True,True,True,True,False,4,值得研究,76.5,站穩月線且月線向上；K由下往上轉；外資由賣轉買；三大法人合計由賣轉買；⚠️爆量但留長上影線
TWSE,6239,力成,20260828,287.0,3.6101083032490973,True,True,True,True,False,4,值得研究,76.5,站穩月線且月線向上；K由下往上轉；外資由賣轉買；三大法人合計由賣轉買；⚠️爆量但留長上影線
TWSE,6689,伊雲谷,20260828,62.3,1.3008130081300813,True,True,True,True,False,4,值得研究,76.5,站穩月線且月線向上；K由下往上轉；外資由賣轉買；三大法人合計由賣轉買；⚠️爆量但留長上影線
TWSE,2449,京元電子,20260828,270.0,9.090909090909092,True,False,True,True,True,4,值得研究,76.0,站穩月線且月線向上；投信連買2日+；帶量突破近20日高且收盤站穩
TWSE,2301,光寶科,20260828,317.5,5.48172757475083,True,True,True,True,False,4,值得研究,75.5,站穩月線且月線向上；K由下往上轉；外資由賣轉買；投信連買2日+；三大法人合計由賣轉買
TWSE,00737,國泰AI機器人,20260828,41.33,1.1255199412772205,True,True,True,True,False,4,值得研究,75.0,站穩月線且月線向上；K上穿D golden cross；三大法人合計由賣轉買；⚠️爆量但留長上影線
TWSE,00895,富邦未來車,20260828,50.3,0.7007007007007007,True,True,True,True,False,4,值得研究,75.0,站穩月線且月線向上；K上穿D golden cross；三大法人合計由賣轉買；⚠️爆量但留長上影線
TWSE,2308,台達電,20260828,1830.0,3.389830508474576,True,True,True,True,False,4,值得研究,75.0,站穩月線且月線向上；K上穿D golden cross；三大法人合計由賣轉買；⚠️爆量但留長上影線
TWSE,1323,永裕,20260828,21.5,0.9389671361502347,True,True,True,True,False,4,值得研究,72.5,站穩月線且月線向上；K由下往上轉；外資由賣轉買；三大法人合計由賣轉買
TWSE,1709,和益,20260828,36.15,0.0,True,True,True,True,False,4,值得研究,72.5,站穩月線且月線向上；K由下往上轉；外資由賣轉買；三大法人合計由賣轉買
TWSE,6426,統新,20260828,263.5,1.5414258188824663,True,True,True,True,False,4,值得研究,72.5,站穩月線且月線向上；K由下往上轉；外資由賣轉買；三大法人合計由賣轉買
TWSE,8341,日友,20260828,76.7,0.3926701570680628,True,True,True,True,False,4,值得研究,72.5,站穩月線且月線向上；K由下往上轉；外資由賣轉買；三大法人合計由賣轉買
TWSE,00875,國泰網路資安,20260828,55.75,4.303086997193638,True,True,True,True,False,4,值得研究,71.0,站穩月線且月線向上；K上穿D golden cross；三大法人合計由賣轉買
TWSE,020038,元大ESG配息N,20260828,14.34,0.9148486980999296,True,True,True,True,False,4,值得研究,71.0,站穩月線且月線向上；K上穿D golden cross；三大法人合計由賣轉買
TWSE,1752,南光,20260828,31.85,0.473186119873817,True,True,True,True,False,4,值得研究,71.0,站穩月線且月線向上；K上穿D golden cross；三大法人合計由賣轉買
TWSE,2887,台新新光金,20260828,37.5,0.5361930294906168,True,True,True,True,False,4,值得研究,71.0,站穩月線且月線向上；K上穿D golden cross；投信連買2日+
TWSE,3044,健鼎,20260828,490.0,1.8711018711018712,True,True,True,True,False,4,值得研究,71.0,站穩月線且月線向上；K上穿D golden cross；投信連買2日+
TWSE,9905,大華,20260828,21.55,0.4662004662004662,True,True,True,True,False,4,值得研究,71.0,站穩月線且月線向上；K上穿D golden cross；三大法人合計由賣轉買
TWSE,3443,創意,20260828,6015.0,1.6047297297297296,True,True,True,True,False,4,值得研究,66.5,站穩月線且月線向上；K由下往上轉；投信連買2日+
TWSE,2434,統懋,20260828,56.4,9.941520467836257,True,True,True,True,False,4,值得研究,58.5,剛站回月線(觀察)；K由下往上轉；外資由賣轉買；三大法人合計由賣轉買
TWSE,8105,凌巨,20260828,16.65,9.900990099009901,True,True,True,True,False,4,值得研究,57.0,剛站回月線(觀察)；K上穿D golden cross；三大法人合計由賣轉買
TWSE,6257,矽格,20260828,219.0,7.352941176470589,True,False,True,True,False,3,等待確認,74.0,站穩月線且月線向上；外資由賣轉買；三大法人合計由賣轉買；量增收紅但尚未突破前高
TWSE,6573,虹揚-KY,20260828,18.8,6.214689265536724,True,False,True,True,False,3,等待確認,74.0,站穩月線且月線向上；外資由賣轉買；三大法人合計由賣轉買；量增收紅但尚未突破前高
TWSE,00690,兆豐藍籌30,20260828,78.1,2.024820378837361,True,False,True,True,False,3,等待確認,68.0,站穩月線且月線向上；三大法人合計由賣轉買；量增收紅但尚未突破前高
TWSE,2492,華新科,20260828,313.5,10.0,True,False,True,True,False,3,等待確認,68.0,站穩月線且月線向上；外資由賣轉買；量增收紅但尚未突破前高
TWSE,1236,宏亞,20260828,25.55,-0.5836575875486382,True,False,True,True,False,3,等待確認,66.0,站穩月線且月線向上；外資由賣轉買；三大法人合計由賣轉買；⚠️爆量但留長上影線
TWSE,1312,國喬,20260828,14.15,-1.0489510489510487,True,False,True,True,False,3,等待確認,66.0,站穩月線且月線向上；外資由賣轉買；三大法人合計由賣轉買；⚠️爆量但留長上影線
TWSE,1319,東陽,20260828,82.1,0.4895960832313343,True,False,True,True,False,3,等待確認,66.0,站穩月線且月線向上；外資由賣轉買；三大法人合計由賣轉買；⚠️爆量但留長上影線
TWSE,1802,台玻,20260828,60.8,2.702702702702703,True,False,True,True,False,3,等待確認,66.0,站穩月線且月線向上；外資由賣轉買；三大法人合計由賣轉買；⚠️爆量但留長上影線
TWSE,2369,菱生,20260828,32.35,2.861685214626391,True,False,True,True,False,3,等待確認,66.0,站穩月線且月線向上；外資由賣轉買；三大法人合計由賣轉買；⚠️爆量但留長上影線
TWSE,2481,強茂,20260828,154.0,5.1194539249146755,True,False,True,True,False,3,等待確認,66.0,站穩月線且月線向上；外資由賣轉買；投信連買2日+；⚠️爆量但留長上影線
TWSE,3008,大立光,20260828,7065.0,2.1691973969631237,True,False,True,True,False,3,等待確認,66.0,站穩月線且月線向上；外資由賣轉買；投信連買2日+；⚠️爆量但留長上影線
TWSE,3504,揚明光,20260828,89.5,-4.888416578108395,True,False,True,True,False,3,等待確認,66.0,站穩月線且月線向上；外資由賣轉買；三大法人合計由賣轉買；⚠️爆量但留長上影線
TWSE,4989,榮科,20260828,68.2,2.865761689291101,True,False,True,True,False,3,等待確認,66.0,站穩月線且月線向上；外資由賣轉買；三大法人合計由賣轉買；⚠️爆量但留長上影線
TWSE,6271,同欣電,20260828,215.0,2.380952380952381,True,False,True,True,False,3,等待確認,66.0,站穩月線且月線向上；外資由賣轉買；三大法人合計由賣轉買；⚠️爆量但留長上影線
TWSE,6805,富世達,20260828,2345.0,5.393258426966292,True,False,True,True,False,3,等待確認,66.0,站穩月線且月線向上；外資由賣轉買；投信連買2日+；⚠️爆量但留長上影線
TWSE,0055,元大MSCI金融,20260828,45.11,1.302492701549517,True,False,True,True,False,3,等待確認,62.0,站穩月線且月線向上；外資由賣轉買；三大法人合計由賣轉買
TWSE,00645,富邦日本,20260828,58.5,0.6018916595012898,True,False,True,True,False,3,等待確認,62.0,站穩月線且月線向上；外資由賣轉買；三大法人合計由賣轉買
TWSE,00715L,期街口布蘭特正2,20260828,48.76,4.121289771513987,True,False,True,True,False,3,等待確認,62.0,站穩月線且月線向上；外資由賣轉買；三大法人合計由賣轉買
TWSE,00927,群益半導體收益,20260828,36.71,1.2689655172413794,True,False,True,True,False,3,等待確認,62.0,站穩月線且月線向上；外資由賣轉買；三大法人合計由賣轉買
TWSE,00947,台新臺灣IC設計,20260828,37.66,0.02656042496679947,True,False,True,True,False,3,等待確認,62.0,站穩月線且月線向上；外資由賣轉買；三大法人合計由賣轉買
TWSE,1449,佳和,20260828,12.45,0.0,True,False,True,True,False,3,等待確認,62.0,站穩月線且月線向上；外資由賣轉買；三大法人合計由賣轉買
TWSE,1558,伸興,20260828,102.0,0.0,True,False,True,True,False,3,等待確認,62.0,站穩月線且月線向上；外資由賣轉買；三大法人合計由賣轉買
TWSE,1609,大亞,20260828,38.1,0.9271523178807947,True,False,True,True,False,3,等待確認,62.0,站穩月線且月線向上；外資由賣轉買；三大法人合計由賣轉買
TWSE,1711,永光,20260828,43.9,0.9195402298850575,True,False,True,True,False,3,等待確認,62.0,站穩月線且月線向上；外資由賣轉買；三大法人合計由賣轉買
TWSE,1721,三晃,20260828,20.4,0.9900990099009901,True,False,True,True,False,3,等待確認,62.0,站穩月線且月線向上；外資由賣轉買；三大法人合計由賣轉買
TWSE,1909,榮成,20260828,10.85,-0.45871559633027525,True,False,True,True,False,3,等待確認,62.0,站穩月線且月線向上；外資由賣轉買；三大法人合計由賣轉買
TWSE,2017,官田鋼,20260828,9.32,-1.3756613756613756,True,False,True,True,False,3,等待確認,62.0,站穩月線且月線向上；外資由賣轉買；三大法人合計由賣轉買
TWSE,2025,千興,20260828,13.25,0.37878787878787884,True,False,True,True,False,3,等待確認,62.0,站穩月線且月線向上；外資由賣轉買；三大法人合計由賣轉買
TWSE,2029,盛餘,20260828,22.15,-0.44943820224719105,True,False,True,True,False,3,等待確認,62.0,站穩月線且月線向上；外資由賣轉買；三大法人合計由賣轉買
TWSE,2367,燿華,20260828,44.8,-1.646542261251372,True,False,True,True,False,3,等待確認,62.0,站穩月線且月線向上；外資由賣轉買；三大法人合計由賣轉買
TWSE,2399,映泰,20260828,46.9,0.6437768240343348,True,False,True,True,False,3,等待確認,62.0,站穩月線且月線向上；外資由賣轉買；三大法人合計由賣轉買
TWSE,2413,環科,20260828,43.85,0.2285714285714286,True,False,True,True,False,3,等待確認,62.0,站穩月線且月線向上；外資由賣轉買；三大法人合計由賣轉買
TWSE,2436,偉詮電,20260828,67.5,0.1483679525222552,True,False,True,True,False,3,等待確認,62.0,站穩月線且月線向上；外資由賣轉買；三大法人合計由賣轉買
TWSE,2441,超豐,20260828,118.5,3.9473684210526314,True,False,True,True,False,3,等待確認,62.0,站穩月線且月線向上；外資由賣轉買；三大法人合計由賣轉買
TWSE,2454,聯發科,20260828,3985.0,3.1047865459249677,True,False,True,True,False,3,等待確認,62.0,站穩月線且月線向上；外資由賣轉買；三大法人合計由賣轉買
TWSE,2489,瑞軒,20260828,40.2,0.3745318352059925,True,False,True,True,False,3,等待確認,62.0,站穩月線且月線向上；外資由賣轉買；三大法人合計由賣轉買
TWSE,2509,全坤建,20260828,15.4,0.32573289902280134,True,False,True,True,False,3,等待確認,62.0,站穩月線且月線向上；外資由賣轉買；三大法人合計由賣轉買
TWSE,2542,興富發,20260828,47.0,-1.5706806282722512,True,False,True,True,False,3,等待確認,62.0,站穩月線且月線向上；外資由賣轉買；三大法人合計由賣轉買
TWSE,2605,新興,20260828,35.05,1.8895348837209305,True,False,True,True,False,3,等待確認,62.0,站穩月線且月線向上；外資由賣轉買；三大法人合計由賣轉買
TWSE,2611,志信,20260828,14.9,-1.3245033112582782,True,False,True,True,False,3,等待確認,62.0,站穩月線且月線向上；外資由賣轉買；三大法人合計由賣轉買
TWSE,2615,萬海,20260828,111.5,-1.762114537444934,True,False,True,True,False,3,等待確認,62.0,站穩月線且月線向上；外資由賣轉買；三大法人合計由賣轉買
TWSE,2723,美食-KY,20260828,77.2,0.0,True,False,True,True,False,3,等待確認,62.0,站穩月線且月線向上；外資由賣轉買；三大法人合計由賣轉買
TWSE,2881,富邦金,20260828,144.0,1.76678445229682,True,False,True,True,False,3,等待確認,62.0,站穩月線且月線向上；外資由賣轉買；投信連買2日+
TWSE,2882,國泰金,20260828,105.5,2.9268292682926833,True,False,True,True,False,3,等待確認,62.0,站穩月線且月線向上；外資由賣轉買；三大法人合計由賣轉買
TWSE,3035,智原,20260828,180.5,2.26628895184136,True,False,True,True,False,3,等待確認,62.0,站穩月線且月線向上；外資由賣轉買；三大法人合計由賣轉買
TWSE,3054,立萬利,20260828,56.7,4.41988950276243,True,False,True,True,False,3,等待確認,62.0,站穩月線且月線向上；外資由賣轉買；三大法人合計由賣轉買
TWSE,3135,凌航,20260828,181.0,-0.821917808219178,True,False,True,True,False,3,等待確認,62.0,站穩月線且月線向上；外資由賣轉買；三大法人合計由賣轉買
TWSE,3229,晟鈦,20260828,55.4,0.5444646098003629,True,False,True,True,False,3,等待確認,62.0,站穩月線且月線向上；外資由賣轉買；三大法人合計由賣轉買
TWSE,4739,康普,20260828,88.6,0.453514739229025,True,False,True,True,False,3,等待確認,62.0,站穩月線且月線向上；外資由賣轉買；三大法人合計由賣轉買
TWSE,4977,眾達-KY,20260828,172.0,0.2915451895043732,True,False,True,True,False,3,等待確認,62.0,站穩月線且月線向上；外資由賣轉買；三大法人合計由賣轉買
TWSE,5284,jpp-KY,20260828,321.5,-0.46439628482972134,True,False,True,True,False,3,等待確認,62.0,站穩月線且月線向上；外資由賣轉買；三大法人合計由賣轉買
TWSE,5608,四維航,20260828,16.7,-1.183431952662722,True,False,True,True,False,3,等待確認,62.0,站穩月線且月線向上；外資由賣轉買；三大法人合計由賣轉買
TWSE,6205,詮欣,20260828,65.8,-1.64424514200299,True,False,True,True,False,3,等待確認,62.0,站穩月線且月線向上；外資由賣轉買；三大法人合計由賣轉買
TWSE,6224,聚鼎,20260828,74.5,-2.2309711286089238,True,False,True,True,False,3,等待確認,62.0,站穩月線且月線向上；外資由賣轉買；三大法人合計由賣轉買
TWSE,6278,台表科,20260828,201.5,-2.1844660194174756,True,False,True,True,False,3,等待確認,62.0,站穩月線且月線向上；外資由賣轉買；三大法人合計由賣轉買
TWSE,6285,啟碁,20260828,247.0,0.8163265306122449,True,False,True,True,False,3,等待確認,62.0,站穩月線且月線向上；外資由賣轉買；三大法人合計由賣轉買
TWSE,6442,光聖,20260828,1615.0,1.2539184952978055,True,False,True,True,False,3,等待確認,62.0,站穩月線且月線向上；外資由賣轉買；三大法人合計由賣轉買
TWSE,6706,惠特,20260828,124.0,0.0,True,False,True,True,False,3,等待確認,62.0,站穩月線且月線向上；外資由賣轉買；三大法人合計由賣轉買
TWSE,6742,澤米,20260828,44.55,-1.6556291390728477,True,False,True,True,False,3,等待確認,62.0,站穩月線且月線向上；外資由賣轉買；三大法人合計由賣轉買
TWSE,6756,威鋒電子,20260828,100.0,0.10010010010010009,True,False,True,True,False,3,等待確認,62.0,站穩月線且月線向上；外資由賣轉買；三大法人合計由賣轉買
TWSE,6789,采鈺,20260828,461.0,-0.3243243243243243,True,False,True,True,False,3,等待確認,62.0,站穩月線且月線向上；外資由賣轉買；三大法人合計由賣轉買
TWSE,6902,GOGOLOOK,20260828,129.5,1.968503937007874,True,True,False,True,False,3,等待確認,62.0,站穩月線且月線向上；K上穿D golden cross；量增收紅但尚未突破前高
TWSE,7768,頌勝科技,20260828,290.5,0.1724137931034483,True,False,True,True,False,3,等待確認,62.0,站穩月線且月線向上；外資由賣轉買；三大法人合計由賣轉買
TWSE,7795,長廣,20260828,564.0,3.486238532110092,True,False,True,True,False,3,等待確認,62.0,站穩月線且月線向上；外資由賣轉買；三大法人合計由賣轉買
TWSE,8150,南茂,20260828,90.5,0.22148394241417502,True,False,True,True,False,3,等待確認,62.0,站穩月線且月線向上；外資由賣轉買；三大法人合計由賣轉買
TWSE,8422,可寧衛*,20260828,27.1,0.3703703703703704,True,False,True,True,False,3,等待確認,62.0,站穩月線且月線向上；外資由賣轉買；三大法人合計由賣轉買
TWSE,00404A,主動聯博動能50,20260828,9.69,0.8324661810613945,True,False,True,True,False,3,等待確認,60.0,站穩月線且月線向上；外資由賣轉買；⚠️爆量但留長上影線
TWSE,00728,第一金工業30,20260828,69.2,1.3919413919413919,True,False,True,True,False,3,等待確認,60.0,站穩月線且月線向上；外資由賣轉買；⚠️爆量但留長上影線
TWSE,00999A,主動野村臺灣高息,20260828,11.44,1.149425287356322,True,False,True,True,False,3,等待確認,60.0,站穩月線且月線向上；外資由賣轉買；⚠️爆量但留長上影線
TWSE,1303,南亞,20260828,220.5,-3.076923076923077,True,False,True,True,False,3,等待確認,60.0,站穩月線且月線向上；投信連買2日+；⚠️爆量但留長上影線
TWSE,1503,士電,20260828,205.5,-3.294117647058824,True,False,True,True,False,3,等待確認,60.0,站穩月線且月線向上；投信連買2日+；⚠️爆量但留長上影線
TWSE,1717,長興,20260828,77.7,2.5065963060686016,True,False,True,True,False,3,等待確認,60.0,站穩月線且月線向上；投信連買2日+；⚠️爆量但留長上影線
TWSE,2313,華通,20260828,241.0,-1.2295081967213115,True,False,True,True,False,3,等待確認,60.0,站穩月線且月線向上；投信連買2日+；⚠️爆量但留長上影線
TWSE,8046,南電,20260828,1240.0,-4.247104247104247,True,False,True,True,False,3,等待確認,60.0,站穩月線且月線向上；投信連買2日+；⚠️爆量但留長上影線
TWSE,9941,裕融,20260828,86.6,-0.5740528128587831,True,False,True,True,False,3,等待確認,60.0,站穩月線且月線向上；投信連買2日+；⚠️爆量但留長上影線
TWSE,1256,鮮活果汁-KY,20260828,188.0,2.73224043715847,True,True,False,True,False,3,等待確認,57.5,站穩月線且月線向上；K由下往上轉；量增收紅但尚未突破前高
TWSE,2428,興勤,20260828,262.0,3.557312252964427,True,True,False,True,False,3,等待確認,57.5,站穩月線且月線向上；K由下往上轉；量增收紅但尚未突破前高
TWSE,2882A,國泰特,20260828,60.4,0.1658374792703151,True,True,False,True,False,3,等待確認,57.5,站穩月線且月線向上；K由下往上轉；量增收紅但尚未突破前高
TWSE,2939,永邑-KY,20260828,20.0,4.166666666666667,True,True,False,True,False,3,等待確認,57.5,站穩月線且月線向上；K由下往上轉；量增收紅但尚未突破前高
TWSE,6108,競國,20260828,25.7,7.9831932773109235,True,True,False,True,False,3,等待確認,57.5,站穩月線且月線向上；K由下往上轉；量增收紅但尚未突破前高
TWSE,00405A,主動富邦台灣龍耀,20260828,8.78,1.1520737327188941,True,False,True,True,False,3,等待確認,56.0,站穩月線且月線向上；外資由賣轉買
TWSE,00406A,主動中信台灣收益,20260828,9.81,1.134020618556701,True,False,True,True,False,3,等待確認,56.0,站穩月線且月線向上；外資由賣轉買
TWSE,0051,元大中型100,20260828,146.0,0.1371742112482853,True,False,True,True,False,3,等待確認,56.0,站穩月線且月線向上；外資由賣轉買
TWSE,0057,富邦摩台,20260828,319.55,0.18811725975858284,True,False,True,True,False,3,等待確認,56.0,站穩月線且月線向上；三大法人合計由賣轉買
TWSE,006203,元大MSCI台灣,20260828,195.3,0.9302325581395349,True,False,True,True,False,3,等待確認,56.0,站穩月線且月線向上；三大法人合計由賣轉買
TWSE,00635U,期元大S&P黃金,20260828,47.38,-0.8786610878661086,True,False,True,True,False,3,等待確認,56.0,站穩月線且月線向上；三大法人合計由賣轉買
TWSE,00678,群益那斯達克生技,20260828,44.45,-0.5815253858197271,True,False,True,True,False,3,等待確認,56.0,站穩月線且月線向上；三大法人合計由賣轉買
TWSE,00708L,期元大S&P黃金正2,20260828,88.15,-1.7827298050139277,True,False,True,True,False,3,等待確認,56.0,站穩月線且月線向上；外資由賣轉買
TWSE,00713,元大台灣高息低波,20260828,61.55,-0.08116883116883118,True,False,True,True,False,3,等待確認,56.0,站穩月線且月線向上；投信連買2日+
TWSE,00850,元大臺灣ESG永續,20260828,91.4,0.9387078961899501,True,False,True,True,False,3,等待確認,56.0,站穩月線且月線向上；外資由賣轉買
TWSE,00878,國泰永續高股息,20260828,33.0,0.8865790278202383,True,False,True,True,False,3,等待確認,56.0,站穩月線且月線向上；三大法人合計由賣轉買
TWSE,00894,中信小資高價30,20260828,46.94,1.229243045072245,True,False,True,True,False,3,等待確認,56.0,站穩月線且月線向上；外資由賣轉買
TWSE,00897,富邦基因免疫生技,20260828,13.44,-0.7385524372230429,True,False,True,True,False,3,等待確認,56.0,站穩月線且月線向上；三大法人合計由賣轉買
TWSE,00901,永豐智能車供應鏈,20260828,46.27,1.1808440848458341,True,False,True,True,False,3,等待確認,56.0,站穩月線且月線向上；三大法人合計由賣轉買
TWSE,00905,FT臺灣Smart,20260828,26.57,0.8349146110056925,True,False,True,True,False,3,等待確認,56.0,站穩月線且月線向上；外資由賣轉買
TWSE,00913,兆豐台灣晶圓製造,20260828,47.53,1.8427255196057424,True,False,True,True,False,3,等待確認,56.0,站穩月線且月線向上；外資由賣轉買
TWSE,00915,凱基優選高股息30,20260828,31.76,0.538144982589427,True,False,True,True,False,3,等待確認,56.0,站穩月線且月線向上；外資由賣轉買
TWSE,00922,國泰台灣領袖50,20260828,41.53,1.1446663419386263,True,False,True,True,False,3,等待確認,56.0,站穩月線且月線向上；外資由賣轉買
TWSE,00930,永豐ESG低碳高息,20260828,23.89,-0.20885547201336674,True,False,True,True,False,3,等待確認,56.0,站穩月線且月線向上；外資由賣轉買
TWSE,00938,凱基優選30,20260828,25.16,0.35899481451934584,True,False,True,True,False,3,等待確認,56.0,站穩月線且月線向上；外資由賣轉買
TWSE,00940,元大台灣價值高息,20260828,12.69,0.15785319652722968,True,False,True,True,False,3,等待確認,56.0,站穩月線且月線向上；外資由賣轉買
TWSE,00962,台新AI優息動能,20260828,15.23,0.0,True,False,True,True,False,3,等待確認,56.0,站穩月線且月線向上；外資由賣轉買
TWSE,00964,中信亞太高股息,20260828,14.81,-0.06747638326585695,True,False,True,True,False,3,等待確認,56.0,站穩月線且月線向上；三大法人合計由賣轉買
TWSE,009803,玉山市值動能50,20260828,21.8,1.0194624652455977,True,False,True,True,False,3,等待確認,56.0,站穩月線且月線向上；外資由賣轉買
TWSE,00985A,主動野村台灣50,20260828,23.29,0.1289767841788478,True,False,True,True,False,3,等待確認,56.0,站穩月線且月線向上；外資由賣轉買
TWSE,00994A,主動第一金台股優,20260828,17.28,0.3484320557491289,True,False,True,True,False,3,等待確認,56.0,站穩月線且月線向上；外資由賣轉買
TWSE,02001L,富邦蘋果正二N,20260828,149.9,1.8342391304347825,True,False,True,True,False,3,等待確認,56.0,站穩月線且月線向上；三大法人合計由賣轉買
TWSE,1229,聯華,20260828,42.15,0.0,True,False,True,True,False,3,等待確認,56.0,站穩月線且月線向上；投信連買2日+
TWSE,1504,東元,20260828,72.6,-1.0899182561307903,True,False,True,True,False,3,等待確認,56.0,站穩月線且月線向上；投信連買2日+
TWSE,1712,興農,20260828,39.8,-0.1254705144291092,True,False,True,True,False,3,等待確認,56.0,站穩月線且月線向上；投信連買2日+
TWSE,2009,第一銅,20260828,41.3,-1.1961722488038278,True,False,True,True,False,3,等待確認,56.0,站穩月線且月線向上；外資由賣轉買
TWSE,2059,川湖,20260828,14300.0,-0.2789400278940028,True,False,True,True,False,3,等待確認,56.0,站穩月線且月線向上；三大法人合計由賣轉買
TWSE,2323,中環,20260828,10.9,0.0,True,False,True,True,False,3,等待確認,56.0,站穩月線且月線向上；外資由賣轉買
TWSE,2408,南亞科,20260828,540.0,-0.18484288354898337,True,False,True,True,False,3,等待確認,56.0,站穩月線且月線向上；投信連買2日+
TWSE,2727,王品,20260828,234.0,0.21413276231263384,True,False,True,True,False,3,等待確認,56.0,站穩月線且月線向上；外資由賣轉買
TWSE,2884,玉山金,20260828,38.75,0.5188067444876784,True,False,True,True,False,3,等待確認,56.0,站穩月線且月線向上；投信連買2日+
TWSE,3017,奇鋐,20260828,3360.0,0.5988023952095809,True,False,True,True,False,3,等待確認,56.0,站穩月線且月線向上；投信連買2日+
TWSE,3450,聯鈞,20260828,635.0,9.86159169550173,True,False,True,True,False,3,等待確認,56.0,站穩月線且月線向上；投信連買2日+
TWSE,3532,台勝科,20260828,399.0,1.2690355329949239,True,False,True,True,False,3,等待確認,56.0,站穩月線且月線向上；投信連買2日+
TWSE,3617,碩天,20260828,243.5,-2.0120724346076457,True,False,True,True,False,3,等待確認,56.0,站穩月線且月線向上；外資由賣轉買
TWSE,6670,復盛應用,20260828,272.5,-1.8018018018018018,True,False,True,True,False,3,等待確認,56.0,站穩月線且月線向上；投信連買2日+
TWSE,6936,永鴻生技,20260828,32.45,-1.9637462235649545,True,False,True,True,False,3,等待確認,56.0,站穩月線且月線向上；三大法人合計由賣轉買
TWSE,8996,高力,20260828,1265.0,-3.435114503816794,True,False,True,True,False,3,等待確認,56.0,站穩月線且月線向上；投信連買2日+
TWSE,020030,統一智慧電動車N,20260828,19.98,1.421319796954315,True,False,False,True,True,3,等待確認,55.0,站穩月線且月線向上；帶量突破近20日高且收盤站穩
TWSE,020037,元大金融高股息N,20260828,11.82,0.7672634271099743,True,False,False,True,True,3,等待確認,55.0,站穩月線且月線向上；帶量突破近20日高且收盤站穩
TWSE,1324,地球,20260828,10.25,0.49019607843137264,True,False,False,True,True,3,等待確認,55.0,站穩月線且月線向上；帶量突破近20日高且收盤站穩
TWSE,2887Z1,台新新光己特,20260828,20.85,2.70935960591133,True,False,False,True,True,3,等待確認,55.0,站穩月線且月線向上；帶量突破近20日高且收盤站穩
TWSE,3094,聯傑,20260828,40.8,7.086614173228348,True,False,False,True,True,3,等待確認,55.0,站穩月線且月線向上；帶量突破近20日高且收盤站穩
TWSE,3376,新日興,20260828,217.0,3.3333333333333335,True,False,False,True,True,3,等待確認,55.0,站穩月線且月線向上；帶量突破近20日高且收盤站穩
TWSE,3406,玉晶光,20260828,917.0,9.952038369304557,True,False,False,True,True,3,等待確認,55.0,站穩月線且月線向上；帶量突破近20日高且收盤站穩
TWSE,3645,達邁,20260828,76.6,9.899569583931136,True,False,False,True,True,3,等待確認,55.0,站穩月線且月線向上；帶量突破近20日高且收盤站穩
TWSE,4108,懷特,20260828,12.4,8.771929824561402,True,False,False,True,True,3,等待確認,55.0,站穩月線且月線向上；帶量突破近20日高且收盤站穩
TWSE,4927,泰鼎-KY,20260828,43.0,6.30407911001236,True,False,False,True,True,3,等待確認,55.0,站穩月線且月線向上；帶量突破近20日高且收盤站穩
TWSE,6024,群益期,20260828,61.7,-0.4838709677419355,True,False,True,True,False,3,等待確認,55.0,站上月線；外資由賣轉買；三大法人合計由賣轉買
TWSE,6153,嘉聯益,20260828,17.75,2.898550724637681,True,False,False,True,True,3,等待確認,55.0,站穩月線且月線向上；帶量突破近20日高且收盤站穩
TWSE,6906,現觀科,20260828,81.2,7.835325365205844,True,False,False,True,True,3,等待確認,55.0,站穩月線且月線向上；帶量突破近20日高且收盤站穩
TWSE,7788,松川精密,20260828,327.5,9.899328859060402,True,False,False,True,True,3,等待確認,55.0,站穩月線且月線向上；帶量突破近20日高且收盤站穩
TWSE,8021,尖點,20260828,454.0,7.455621301775148,True,False,False,True,True,3,等待確認,55.0,站穩月線且月線向上；帶量突破近20日高且收盤站穩
TWSE,8215,明基材,20260828,26.2,5.432595573440644,True,False,False,True,True,3,等待確認,55.0,站穩月線且月線向上；帶量突破近20日高且收盤站穩
TWSE,9912,偉聯,20260828,14.1,6.818181818181819,True,False,False,True,True,3,等待確認,55.0,站穩月線且月線向上；帶量突破近20日高且收盤站穩
TWSE,2327,國巨*,20260828,597.0,7.567567567567568,True,True,False,True,False,3,等待確認,54.0,站穩月線且月線向上；K上穿D golden cross；⚠️爆量但留長上影線
TWSE,3090,日電貿,20260828,174.0,3.2640949554896146,True,True,False,True,False,3,等待確認,54.0,站穩月線且月線向上；K上穿D golden cross；⚠️爆量但留長上影線
TWSE,4764,雙鍵,20260828,249.5,9.429824561403509,True,False,True,True,False,3,等待確認,54.0,剛站回月線(觀察)；三大法人合計由賣轉買；量增收紅但尚未突破前高
TWSE,6155,鈞寶,20260828,59.2,2.422145328719723,True,True,False,True,False,3,等待確認,54.0,站穩月線且月線向上；K上穿D golden cross；⚠️爆量但留長上影線
TWSE,6924,榮惠-KY創,20260828,117.5,1.7316017316017316,True,True,False,True,False,3,等待確認,54.0,站穩月線且月線向上；K上穿D golden cross；⚠️爆量但留長上影線
TWSE,6931,青松健康,20260828,41.4,-0.24096385542168677,True,True,False,True,False,3,等待確認,54.0,站穩月線且月線向上；K上穿D golden cross；⚠️爆量但留長上影線
TWSE,8070,長華*,20260828,51.4,1.3806706114398424,True,True,False,True,False,3,等待確認,54.0,站穩月線且月線向上；K上穿D golden cross；⚠️爆量但留長上影線
TWSE,1225,福懋油,20260828,25.45,-1.5473887814313347,True,False,True,True,False,3,等待確認,52.0,剛站回月線(觀察)；外資由賣轉買；三大法人合計由賣轉買；⚠️爆量但留長上影線
TWSE,00657K,國泰日經225+U,20260828,24.8,0.5677210056772101,True,True,False,True,False,3,等待確認,50.0,站穩月線且月線向上；K上穿D golden cross
TWSE,00902,中信電池及儲能,20260828,13.64,0.0,True,True,False,True,False,3,等待確認,50.0,站穩月線且月線向上；K上穿D golden cross
TWSE,00949,復華日本龍頭,20260828,21.98,1.1039558417663293,True,True,False,True,False,3,等待確認,50.0,站穩月線且月線向上；K上穿D golden cross
TWSE,00989A,主動摩根美國科技,20260828,17.23,1.8923713778829097,True,True,False,True,False,3,等待確認,50.0,站穩月線且月線向上；K上穿D golden cross
TWSE,1560,中砂,20260828,695.0,0.7246376811594203,True,True,False,True,False,3,等待確認,50.0,站穩月線且月線向上；K上穿D golden cross
TWSE,1718,中纖,20260828,10.75,0.4672897196261683,True,True,False,True,False,3,等待確認,50.0,站穩月線且月線向上；K上穿D golden cross
TWSE,2034,允強,20260828,20.45,0.49140049140049147,True,True,False,True,False,3,等待確認,50.0,站穩月線且月線向上；K上穿D golden cross
TWSE,2430,燦坤,20260828,17.8,1.4245014245014245,True,True,False,True,False,3,等待確認,50.0,站穩月線且月線向上；K上穿D golden cross
TWSE,2438,翔耀,20260828,18.15,0.27624309392265195,True,True,False,True,False,3,等待確認,50.0,站穩月線且月線向上；K上穿D golden cross
TWSE,2890,永豐金,20260828,39.8,1.1435832274459978,True,True,False,True,False,3,等待確認,50.0,站穩月線且月線向上；K上穿D golden cross
TWSE,3002,歐格,20260828,17.45,1.749271137026239,True,True,False,True,False,3,等待確認,50.0,站穩月線且月線向上；K上穿D golden cross
TWSE,3057,喬鼎,20260828,17.3,1.1695906432748537,True,True,False,True,False,3,等待確認,50.0,站穩月線且月線向上；K上穿D golden cross
TWSE,3167,大量,20260828,783.0,5.525606469002695,True,True,False,True,False,3,等待確認,50.0,站穩月線且月線向上；K上穿D golden cross
TWSE,3312,弘憶股,20260828,51.9,0.5813953488372093,True,True,False,True,False,3,等待確認,50.0,站穩月線且月線向上；K上穿D golden cross
TWSE,3515,華擎,20260828,220.0,0.9174311926605505,True,True,False,True,False,3,等待確認,50.0,站穩月線且月線向上；K上穿D golden cross
TWSE,3518,柏騰,20260828,27.85,0.7233273056057866,True,True,False,True,False,3,等待確認,50.0,站穩月線且月線向上；K上穿D golden cross
TWSE,4590,富田-創,20260828,89.4,-0.6666666666666666,True,True,False,True,False,3,等待確認,50.0,站穩月線且月線向上；K上穿D golden cross
TWSE,6128,上福,20260828,20.3,0.24691358024691357,True,True,False,True,False,3,等待確認,50.0,站穩月線且月線向上；K上穿D golden cross
TWSE,6213,聯茂,20260828,582.0,3.374777975133215,True,True,False,True,False,3,等待確認,50.0,站穩月線且月線向上；K上穿D golden cross
TWSE,6592A,和潤企業甲特,20260828,95.5,0.0,True,True,False,True,False,3,等待確認,50.0,站穩月線且月線向上；K上穿D golden cross
TWSE,6672,騰輝電子-KY,20260828,289.5,2.841918294849023,True,True,False,True,False,3,等待確認,50.0,站穩月線且月線向上；K上穿D golden cross
TWSE,6835,圓裕,20260828,31.2,0.8077544426494345,True,True,False,True,False,3,等待確認,50.0,站穩月線且月線向上；K上穿D golden cross
TWSE,6951,青新-創,20260828,72.0,0.558659217877095,True,True,False,True,False,3,等待確認,50.0,站穩月線且月線向上；K上穿D golden cross
TWSE,7769,鴻勁,20260828,6490.0,2.2852639873916467,True,True,False,True,False,3,等待確認,50.0,站穩月線且月線向上；K上穿D golden cross
TWSE,8463,潤泰材,20260828,21.5,0.2331002331002331,True,True,False,True,False,3,等待確認,50.0,站穩月線且月線向上；K上穿D golden cross
TWSE,00701,國泰股利精選30,20260828,38.3,1.5915119363395225,True,False,True,True,False,3,等待確認,48.0,剛站回月線(觀察)；外資由賣轉買；三大法人合計由賣轉買
TWSE,3311,閎暉,20260828,32.6,0.15360983102918585,True,False,True,True,False,3,等待確認,48.0,剛站回月線(觀察)；外資由賣轉買；三大法人合計由賣轉買
TWSE,6550,北極星藥業-KY,20260828,11.2,-1.3215859030837005,True,False,True,True,False,3,等待確認,48.0,剛站回月線(觀察)；外資由賣轉買；三大法人合計由賣轉買
TWSE,00661,元大日經225,20260828,86.2,0.8777062609713282,True,True,False,True,False,3,等待確認,45.5,站穩月線且月線向上；K由下往上轉
TWSE,00909,國泰數位支付服務,20260828,47.82,1.853035143769968,True,True,False,True,False,3,等待確認,45.5,站穩月線且月線向上；K由下往上轉
TWSE,00956,中信日經高股息,20260828,13.39,0.6010518407212623,True,True,False,True,False,3,等待確認,45.5,站穩月線且月線向上；K由下往上轉
TWSE,01009T,王道圓滿R1,20260828,5.69,1.0657193605683835,True,True,False,True,False,3,等待確認,45.5,站穩月線且月線向上；K由下往上轉
TWSE,1452,宏益,20260828,11.4,-0.43668122270742354,True,True,False,True,False,3,等待確認,45.5,站穩月線且月線向上；K由下往上轉
TWSE,1457,宜進,20260828,14.45,0.34722222222222227,True,True,False,True,False,3,等待確認,45.5,站穩月線且月線向上；K由下往上轉
TWSE,1710,東聯,20260828,15.9,0.6329113924050633,True,True,False,True,False,3,等待確認,45.5,站穩月線且月線向上；K由下往上轉
TWSE,1714,和桐,20260828,16.7,0.9063444108761328,True,True,False,True,False,3,等待確認,45.5,站穩月線且月線向上；K由下往上轉
TWSE,1731,美吾華,20260828,21.0,0.47846889952153115,True,True,False,True,False,3,等待確認,45.5,站穩月線且月線向上；K由下往上轉
TWSE,1732,毛寶,20260828,26.7,0.7547169811320755,True,True,False,True,False,3,等待確認,45.5,站穩月線且月線向上；K由下往上轉
TWSE,2103,台橡,20260828,28.2,1.6216216216216217,True,True,False,True,False,3,等待確認,45.5,站穩月線且月線向上；K由下往上轉
TWSE,2486,一詮,20260828,261.0,0.7722007722007722,True,True,False,True,False,3,等待確認,45.5,站穩月線且月線向上；K由下往上轉
TWSE,2498,宏達電,20260828,40.55,0.12345679012345678,True,True,False,True,False,3,等待確認,45.5,站穩月線且月線向上；K由下往上轉
TWSE,2702,華園,20260828,12.7,0.3952569169960475,True,True,False,True,False,3,等待確認,45.5,站穩月線且月線向上；K由下往上轉
TWSE,3005,神基,20260828,116.0,0.0,True,True,False,True,False,3,等待確認,45.5,站穩月線且月線向上；K由下往上轉
TWSE,3024,憶聲,20260828,14.65,0.34246575342465757,True,True,False,True,False,3,等待確認,45.5,站穩月線且月線向上；K由下往上轉
TWSE,3050,鈺德,20260828,11.8,1.2875536480686696,True,True,False,True,False,3,等待確認,45.5,站穩月線且月線向上；K由下往上轉
TWSE,3653,健策,20260828,5785.0,2.4800708591674048,True,True,False,True,False,3,等待確認,45.5,站穩月線且月線向上；K由下往上轉
TWSE,4956,光鋐,20260828,36.95,2.638888888888889,True,True,False,True,False,3,等待確認,45.5,站穩月線且月線向上；K由下往上轉
TWSE,6792,詠業,20260828,59.5,0.847457627118644,True,True,False,True,False,3,等待確認,45.5,站穩月線且月線向上；K由下往上轉
TWSE,7821,神數,20260828,39.05,0.5148005148005149,False,True,True,True,False,3,等待確認,45.0,K上穿D golden cross；外資由賣轉買；三大法人合計由賣轉買；量增收紅但尚未突破前高
TWSE,2892,第一金,20260828,34.4,3.1484257871064467,True,True,False,True,False,3,等待確認,43.5,剛站回月線(觀察)；K由下往上轉；量增收紅但尚未突破前高
TWSE,911608,明輝-DR,20260828,2.68,2.2900763358778624,True,True,False,True,False,3,等待確認,43.5,剛站回月線(觀察)；K由下往上轉；量增收紅但尚未突破前高
TWSE,00680L,元大美債20正2,20260828,6.48,-1.2195121951219512,True,False,True,True,False,3,等待確認,42.0,剛站回月線(觀察)；外資由賣轉買
TWSE,3380,明泰,20260828,28.15,1.0771992818671454,True,False,True,True,False,3,等待確認,42.0,剛站回月線(觀察)；外資由賣轉買
TWSE,6272,驊陞,20260828,26.5,9.95850622406639,True,False,False,True,True,3,等待確認,41.0,剛站回月線(觀察)；帶量突破近20日高且收盤站穩
TWSE,1213,大飲,20260828,7.7,4.904632152588556,True,True,False,True,False,3,等待確認,40.0,剛站回月線(觀察)；K上穿D golden cross；⚠️爆量但留長上影線
TWSE,1805,寶徠,20260828,10.35,0.975609756097561,True,True,False,True,False,3,等待確認,39.5,站穩月線且月線向上；⚠️高檔鈍化已久，KD打勾勿單純追價
TWSE,5292,華懋,20260828,220.0,0.45662100456621,True,True,False,True,False,3,等待確認,39.5,站穩月線且月線向上；⚠️高檔鈍化已久，KD打勾勿單純追價
TWSE,00757,統一FANG+,20260828,138.7,0.5436752446538602,False,True,True,True,False,3,等待確認,37.0,K上穿D golden cross；外資由賣轉買；三大法人合計由賣轉買；⚠️爆量但留長上影線
TWSE,1445,大宇,20260828,10.5,1.9417475728155338,True,True,False,True,False,3,等待確認,36.0,剛站回月線(觀察)；K上穿D golden cross
TWSE,2881C,富邦金丙特,20260828,51.6,0.19417475728155342,True,True,False,True,False,3,等待確認,36.0,剛站回月線(觀察)；K上穿D golden cross
TWSE,3665,貿聯-KY,20260828,2260.0,9.975669099756692,True,True,False,True,False,3,等待確認,36.0,剛站回月線(觀察)；K上穿D golden cross
TWSE,5007,三星,20260828,56.4,0.8944543828264758,True,True,False,True,False,3,等待確認,36.0,剛站回月線(觀察)；K上穿D golden cross
TWSE,5871A,中租-KY甲特,20260828,100.0,0.10010010010010009,True,True,False,True,False,3,等待確認,36.0,剛站回月線(觀察)；K上穿D golden cross
TWSE,6934,心誠鎂,20260828,74.1,2.3480662983425415,True,True,False,True,False,3,等待確認,36.0,剛站回月線(觀察)；K上穿D golden cross
TWSE,8488,吉源-KY,20260828,10.0,1.4198782961460448,True,True,False,True,False,3,等待確認,36.0,剛站回月線(觀察)；K上穿D golden cross
TWSE,009811,統一美國50,20260828,13.18,0.0,False,True,True,True,False,3,等待確認,33.0,K上穿D golden cross；外資由賣轉買；三大法人合計由賣轉買
TWSE,2834,臺企銀,20260828,16.45,0.6116207951070337,False,True,True,True,False,3,等待確認,33.0,K上穿D golden cross；外資由賣轉買；三大法人合計由賣轉買
TWSE,2891,中信金,20260828,64.4,0.9404388714733541,False,True,True,True,False,3,等待確認,33.0,K上穿D golden cross；外資由賣轉買；三大法人合計由賣轉買
TWSE,4807,日成-KY,20260828,28.0,1.2658227848101267,False,True,True,True,False,3,等待確認,33.0,K上穿D golden cross；外資由賣轉買；三大法人合計由賣轉買
TWSE,1626,艾美特-KY,20260828,9.69,0.9375,True,True,False,True,False,3,等待確認,31.5,剛站回月線(觀察)；K由下往上轉
TWSE,2731,雄獅,20260828,145.0,0.34602076124567477,True,True,False,True,False,3,等待確認,31.5,剛站回月線(觀察)；K由下往上轉
TWSE,5533,皇鼎,20260828,13.95,0.3597122302158274,True,True,False,True,False,3,等待確認,31.5,剛站回月線(觀察)；K由下往上轉
TWSE,2228,劍麟,20260828,74.6,1.358695652173913,False,True,True,True,False,3,等待確認,31.2,K由下往上轉；外資由賣轉買；三大法人合計由賣轉買
TWSE,2388,威盛,20260828,73.3,1.103448275862069,False,True,True,True,False,3,等待確認,31.2,K由下往上轉；外資由賣轉買；三大法人合計由賣轉買
TWSE,2415,錩新,20260828,29.4,2.2608695652173916,False,True,True,True,False,3,等待確認,31.2,K由下往上轉；外資由賣轉買；三大法人合計由賣轉買
TWSE,00971,野村美國研發龍頭,20260828,17.48,0.11454753722794961,False,True,True,True,False,3,等待確認,29.2,K由下往上轉；三大法人合計由賣轉買；⚠️爆量但留長上影線
TWSE,00633L,富邦上証正2,20260828,48.77,0.14373716632443534,False,True,True,True,False,3,等待確認,27.0,K上穿D golden cross；三大法人合計由賣轉買
TWSE,00655L,國泰中國A50正2,20260828,33.89,0.11816838995568685,False,True,True,True,False,3,等待確認,27.0,K上穿D golden cross；外資由賣轉買
TWSE,00670L,富邦NASDAQ正2,20260828,200.8,0.8538422903063786,False,True,True,True,False,3,等待確認,27.0,K上穿D golden cross；外資由賣轉買
TWSE,00923,群益台ESG低碳50,20260828,39.77,0.9647118558009646,False,True,True,True,False,3,等待確認,27.0,K上穿D golden cross；外資由賣轉買
TWSE,009812,野村日本東證,20260828,12.89,0.7031249999999999,False,True,True,True,False,3,等待確認,27.0,K上穿D golden cross；三大法人合計由賣轉買
TWSE,00997A,主動群益美國增長,20260828,11.28,-0.79155672823219,False,True,True,True,False,3,等待確認,27.0,K上穿D golden cross；外資由賣轉買
TWSE,2360,致茂,20260828,2010.0,1.0050251256281406,False,True,True,True,False,3,等待確認,25.2,K由下往上轉；三大法人合計由賣轉買
TWSE,3036,文曄,20260828,196.0,1.5544041450777202,False,True,True,True,False,3,等待確認,25.2,K由下往上轉；外資由賣轉買
TWSE,4763,材料*-KY,20260828,45.65,-0.3275109170305677,False,True,True,True,False,3,等待確認,25.2,K由下往上轉；投信連買2日+
TWSE,5203,訊連,20260828,58.9,0.6837606837606838,False,True,True,True,False,3,等待確認,25.2,K由下往上轉；三大法人合計由賣轉買
